Workbook

Sheet Data_Single
A1: num | B1: difficulty | C1: intent | D1: exit_status | E1: status | F1: phase4_pass | G1: judge_verdict | H1: original_cc | I1: refactored_cc | J1: cc_delta | K1: original_mi | L1: refactored_mi | M1: mi_delta | N1: duration_ms | O1: strategy_iter | P1: syntax_iter | Q1: code_unchanged | R1: gpu_peak_mb | S1: tier1_syntax | T1: tier2a_cc | U1: tier2b_boundary | V1: tier2c_intent_math | W1: tier3_judge | X1: gen_steps | Y1: avg_gen_ms | Z1: csr_pass | AA1: ber | AB1: public_passed | AC1: private_passed
A2: 1 | B2: Medium | C2: DECOMPOSE_CONDITIONAL | D2: SUCCESS | E2: PASS | H2: 8 | I2: 9 | J2: 1 | K2: 40.5 | L2: 36.95 | M2: -3.55 | N2: 20561 | Q2: False | R2: 4038 | S2: 0 | T2: 0 | U2: 0 | V2: 0 | W2: 0 | Z2: True | AA2: 1.0 | AB2: 1 | AC2: 0
A3: 9 | B3: Hard | C3: DECOMPOSE_CONDITIONAL | D3: SUCCESS | E3: PASS | H3: 12 | I3: 12 | J3: 0 | K3: 28 | L3: 25.98 | M3: -2.02 | N3: 32080 | Q3: False | R3: 4038 | S3: 0 | T3: 0 | U3: 0 | V3: 0 | W3: 0 | Z3: True | AA3: 0.0 | AB3: 0 | AC3: 0
A4: 18 | B4: Medium | C4: RENAME_SYMBOL | D4: SUCCESS | E4: PASS | H4: 4 | I4: 4 | J4: 0 | K4: 51.45 | L4: 52.4 | M4: 0.95 | N4: 14047 | Q4: False | R4: 4040 | S4: 0 | T4: 0 | U4: 0 | V4: 0 | W4: 0 | Z4: True | AA4: 1.0 | AB4: 1 | AC4: 0
A5: 23 | B5: Medium | C5: DECOMPOSE_CONDITIONAL | D5: SUCCESS | E5: PASS | H5: 3 | I5: 3 | J5: 0 | K5: 79.39 | L5: 73.64 | M5: -5.75 | N5: 7028 | Q5: False | R5: 4040 | S5: 0 | T5: 0 | U5: 0 | V5: 0 | W5: 0 | Z5: True | AA5: 1.0 | AB5: 1 | AC5: 0
A6: 29 | B6: Hard | C6: DECOMPOSE_CONDITIONAL | D6: SUCCESS | E6: PASS | H6: 11 | I6: 11 | J6: 0 | K6: 31.34 | L6: 28.61 | M6: -2.73 | N6: 33598 | Q6: False | R6: 4040 | S6: 0 | T6: 0 | U6: 0 | V6: 0 | W6: 0 | Z6: True | AA6: 0.0 | AB6: 0 | AC6: 0
A7: 37 | B7: Medium | C7: EXTRACT_METHOD | D7: SUCCESS | E7: PASS | H7: 4 | I7: 4 | J7: 0 | K7: 52.48 | L7: 52 | M7: -0.48 | N7: 16553 | Q7: False | R7: 4040 | S7: 0 | T7: 0 | U7: 0 | V7: 0 | W7: 0 | Z7: False | AA7: - | AB7: 0 | AC7: 0
A8: 43 | B8: Hard | C8: DECOMPOSE_CONDITIONAL | D8: SUCCESS | E8: PASS | H8: 10 | I8: 10 | J8: 0 | K8: 43.6 | L8: 39.56 | M8: -4.04 | N8: 22072 | Q8: False | R8: 4040 | S8: 0 | T8: 0 | U8: 0 | V8: 0 | W8: 0 | Z8: True | AA8: 0.0 | AB8: 0 | AC8: 0
A9: 44 | B9: Medium | C9: EXTRACT_METHOD | D9: SUCCESS | E9: PASS | H9: 3 | I9: 4 | J9: 1 | K9: 64.86 | L9: 57.24 | M9: -7.62 | N9: 14048 | Q9: False | R9: 4040 | S9: 0 | T9: 0 | U9: 0 | V9: 0 | W9: 0 | Z9: True | AA9: 0.0 | AB9: 0 | AC9: 0
A10: 54 | B10: Medium | C10: EXTRACT_METHOD | D10: SUCCESS | E10: PASS | H10: 3 | I10: 4 | J10: 1 | K10: 72.79 | L10: 66.58 | M10: -6.21 | N10: 11040 | Q10: False | R10: 4040 | S10: 0 | T10: 0 | U10: 0 | V10: 0 | W10: 0 | Z10: True | AA10: 0.0 | AB10: 0 | AC10: 0
A11: 62 | B11: Medium | C11: CONSOLIDATE_CONDITIONAL | D11: SUCCESS | E11: PASS | H11: 11 | I11: 14 | J11: 3 | K11: 37.98 | L11: 41.76 | M11: 3.78 | N11: 27584 | Q11: False | R11: 4040 | S11: 0 | T11: 0 | U11: 0 | V11: 0 | W11: 0 | Z11: True | AA11: 0.0 | AB11: 0 | AC11: 0
A12: 68 | B12: Easy | C12: DECOMPOSE_CONDITIONAL | D12: SUCCESS | E12: PASS | H12: 6 | I12: 6 | J12: 0 | K12: 55.18 | L12: 52.43 | M12: -2.75 | N12: 15547 | Q12: False | R12: 4040 | S12: 0 | T12: 0 | U12: 0 | V12: 0 | W12: 0 | Z12: True | AA12: 1.0 | AB12: 1 | AC12: 0
A13: 71 | B13: Hard | C13: RENAME_SYMBOL | D13: SUCCESS | E13: PASS | H13: 6 | I13: 6 | J13: 0 | K13: 38.66 | L13: 38.66 | M13: 0 | N13: 26585 | Q13: False | R13: 4040 | S13: 0 | T13: 0 | U13: 0 | V13: 0 | W13: 0 | Z13: True | AA13: 0.0 | AB13: 0 | AC13: 0
... A280: 2354 | B280: Hard | C280: SPLIT_LOOP | D280: SUCCESS | E280: PASS | H280: 10 | I280: 12 | J280: 2 | K280: 27.39 | L280: 23.11 | M280: -4.28 | N280: 42101 | Q280: False | R280: 4040 | S280: 0 | T280: 0 | U280: 0 | V280: 0 | W280: 0 | Z280: True | AA280: 0.0 | AB280: 0 | AC280: 0

Sheet Data_Multi
A1: num | B1: difficulty | C1: intent | D1: exit_status | E1: status | F1: phase4_pass | G1: judge_verdict | H1: original_cc | I1: refactored_cc | J1: cc_delta | K1: original_mi | L1: refactored_mi | M1: mi_delta | N1: duration_ms | O1: strategy_iter | P1: syntax_iter | Q1: code_unchanged | R1: gpu_peak_mb | S1: tier1_syntax | T1: tier2a_cc | U1: tier2b_boundary | V1: tier2c_intent_math | W1: tier3_judge | X1: gen_steps | Y1: avg_gen_ms | Z1: csr_pass | AA1: ber | AB1: public_passed | AC1: private_passed
A2: 1 | B2: Medium | C2: DECOMPOSE_CONDITIONAL | D2: SUCCESS | E2: PASS | F2: True | G2: ACCEPT | H2: 8 | I2: 8 | J2: 0 | K2: 40.5 | L2: 38.44 | M2: -2.06 | N2: 57610 | O2: 1 | P2: 0 | Q2: False | R2: 3334 | S2: 0 | T2: 0 | U2: 0 | V2: 0 | W2: 0 | X2: 2 | Y2: 8051 | Z2: False | AA2: - | AB2: 0 | AC2: 0
A3: 9 | B3: Hard | C3: DECOMPOSE_CONDITIONAL | D3: SUCCESS | E3: PASS | F3: True | G3: ACCEPT | H3: 12 | I3: 12 | J3: 0 | K3: 28 | L3: 24.86 | M3: -3.14 | N3: 116252 | O3: 1 | P3: 0 | Q3: False | R3: 3334 | S3: 0 | T3: 0 | U3: 0 | V3: 0 | W3: 0 | X3: 4 | Y3: 10240 | Z3: True | AA3: 0.0 | AB3: 0 | AC3: 0
A4: 18 | B4: Medium | C4: RENAME_SYMBOL | D4: SUCCESS | E4: PASS | F4: False | G4: ACCEPT | H4: 4 | I4: 4 | J4: 0 | K4: 51.45 | L4: 51.45 | M4: 0 | N4: 67283 | O4: 2 | P4: 0 | Q4: False | R4: 3334 | S4: 0 | T4: 0 | U4: 0 | V4: 2 | W4: 0 | X4: 2 | Y4: 4736 | Z4: True | AA4: 1.0 | AB4: 1 | AC4: 0
A5: 23 | B5: Medium | C5: DECOMPOSE_CONDITIONAL | D5: SUCCESS | E5: PASS | F5: True | G5: ACCEPT | H5: 3 | I5: 3 | J5: 0 | K5: 79.39 | L5: 73.64 | M5: -5.75 | N5: 52607 | O5: 1 | P5: 0 | Q5: False | R5: 3334 | S5: 0 | T5: 0 | U5: 0 | V5: 0 | W5: 0 | X5: 4 | Y5: 2840 | Z5: True | AA5: 1.0 | AB5: 1 | AC5: 0
A6: 29 | B6: Hard | C6: DECOMPOSE_CONDITIONAL | D6: SUCCESS | E6: PASS | F6: True | G6: ACCEPT | H6: 11 | I6: 12 | J6: 1 | K6: 31.34 | L6: 25.82 | M6: -5.52 | N6: 123183 | O6: 1 | P6: 0 | Q6: False | R6: 3334 | S6: 0 | T6: 0 | U6: 0 | V6: 0 | W6: 0 | X6: 4 | Y6: 11024 | Z6: False | AA6: - | AB6: 0 | AC6: 0
A7: 37 | B7: Medium | C7: EXTRACT_METHOD | D7: SUCCESS | E7: PASS | F7: True | G7: ACCEPT | H7: 4 | I7: 4 | J7: 0 | K7: 52.48 | L7: 46.74 | M7: -5.74 | N7: 49328 | O7: 1 | P7: 0 | Q7: False | R7: 3334 | S7: 0 | T7: 0 | U7: 0 | V7: 0 | W7: 0 | X7: 2 | Y7: 7974 | Z7: False | AA7: - | AB7: 0 | AC7: 0
A8: 43 | B8: Hard | C8: DECOMPOSE_CONDITIONAL | D8: SUCCESS | E8: PASS | F8: True | G8: ACCEPT | H8: 10 | I8: 11 | J8: 1 | K8: 43.6 | L8: 36.01 | M8: -7.59 | N8: 61819 | O8: 1 | P8: 0 | Q8: False | R8: 3334 | S8: 0 | T8: 0 | U8: 0 | V8: 0 | W8: 0 | X8: 2 | Y8: 8331 | Z8: False | AA8: - | AB8: 0 | AC8: 0
A9: 44 | B9: Medium | C9: EXTRACT_METHOD | D9: SUCCESS | E9: PASS | F9: True | G9: ACCEPT | H9: 3 | I9: 3 | J9: 0 | K9: 64.86 | L9: 59.37 | M9: -5.49 | N9: 75693 | O9: 1 | P9: 0 | Q9: False | R9: 3336 | S9: 0 | T9: 0 | U9: 0 | V9: 0 | W9: 0 | X9: 5 | Y9: 4812 | Z9: True | AA9: 0.0 | AB9: 0 | AC9: 0
A10: 54 | B10: Medium | C10: EXTRACT_METHOD | D10: SUCCESS | E10: PASS | F10: True | G10: ACCEPT | H10: 3 | I10: 3 | J10: 0 | K10: 72.79 | L10: 65.89 | M10: -6.9 | N10: 44734 | O10: 1 | P10: 0 | Q10: False | R10: 3336 | S10: 0 | T10: 0 | U10: 0 | V10: 0 | W10: 0 | X10: 2 | Y10: 3674 | Z10: True | AA10: 0.0 | AB10: 0 | AC10: 0
A11: 62 | B11: Medium | C11: CONSOLIDATE_CONDITIONAL | D11: ABORT_STRATEGY | E11: FAIL | F11: False | H11: 11 | I11: 11 | J11: 0 | K11: 37.98 | L11: 37.98 | M11: 0 | N11: 152416 | O11: 4 | P11: 0 | Q11: True | R11: 2826 | S11: 0 | T11: 0 | U11: 0 | V11: 3 | W11: 0 | X11: 0 | Z11: True | AA11: 0.0 | AB11: 0 | AC11: 0
A12: 68 | B12: Easy | C12: DECOMPOSE_CONDITIONAL | D12: SUCCESS | E12: PASS | F12: True | G12: ACCEPT | H12: 6 | I12: 6 | J12: 0 | K12: 55.18 | L12: 52.8 | M12: -2.38 | N12: 99839 | O12: 1 | P12: 0 | Q12: False | R12: 3336 | S12: 0 | T12: 0 | U12: 0 | V12: 0 | W12: 0 | X12: 4 | Y12: 5823 | Z12: True | AA12: 0.0 | AB12: 0 | AC12: 0
A13: 71 | B13: Hard | C13: RENAME_SYMBOL | D13: SUCCESS | E13: PASS | F13: False | G13: ACCEPT | H13: 6 | I13: 6 | J13: 0 | K13: 38.66 | L13: 38.66 | M13: 0 | N13: 182963 | O13: 3 | P13: 0 | Q13: False | R13: 3336 | S13: 0 | T13: 0 | U13: 0 | V13: 0 | W13: 2 | X13: 4 | Y13: 9115 | Z13: True | AA13: 0.0 | AB13: 0 | AC13: 0
A14: 72 | B14: Medium | C14: FLATTEN_CONDITIONAL | D14: SUCCESS | E14: PASS | F14: True | G14: ACCEPT | H14: 14 | I14: 15 | J14: 1 | K14: 34.58 | L14: 34.38 | M14: -0.2 | N14: 85024 | O14: 1 | P14: 0 | Q14: False | R14: 3336 | S14: 0 | T14: 0 | U14: 0 | V14: 0 | W14: 0 | X14: 0 | Z14: False | AA14: - | AB14: 0 | AC14: 0
A15: 74 | B15: Medium | C15: EXTRACT_VARIABLE | D15: ABORT_STRATEGY | E15: FAIL | F15: False | H15: 4 | I15: 4 | J15: 0 | K15: 56.35 | L15: 56.35 | M15: 0 | N15: 116807 | O15: 4 | P15: 0 | Q15: True | R15: 2826 | S15: 0 | T15: 0 | U15: 0 | V15: 3 | W15: 0 | X15: 4 | Y15: 4933 | Z15: True | AA15: 0.0 | AB15: 0 | AC15: 0
A16: 76 | B16: Medium | C16: INLINE_METHOD | D16: SUCCESS | E16: PASS | F16: True | G16: ACCEPT | H16: 3 | I16: 3 | J16: 0 | K16: 55.54 | L16: 55.54 | M16: 0 | N16: 51727 | O16: 1 | P16: 0 | Q16: False | R16: 3336 | S16: 0 | T16: 0 | U16: 0 | V16: 0 | W16: 0 | X16: 0 | Z16: True | AA16: 1.0 | AB16: 1 | AC16: 0
A17: 80 | B17: Medium | C17: FLATTEN_CONDITIONAL | D17: SUCCESS | E17: PASS | F17: False | G17: ACCEPT | H17: 9 | I17: 10 | J17: 1 | K17: 40.24 | L17: 37.29 | M17: -2.95 | N17: 127487 | O17: 2 | P17: 0 | Q17: False | R17: 3334 | S17: 0 | T17: 0 | U17: 0 | V17: 0 | W17: 1 | X17: 0 | Z17: True | AA17: 0.0 | AB17: 0 | AC17: 0
A18: 86 | B18: Hard | C18: INLINE_METHOD | D18: SUCCESS | E18: PASS | F18: True | G18: ACCEPT | H18: 8 | I18: 8 | J18: 0 | K18: 45.8 | L18: 42.03 | M18: -3.77 | N18: 57029 | O18: 1 | P18: 0 | Q18: False | R18: 3336 | S18: 0 | T18: 0 | U18: 0 | V18: 0 | W18: 0 | X18: 0 | Z18: False | AA18: - | AB18: 0 | AC18: 0
A19: 88 | B19: Medium | C19: EXTRACT_METHOD | D19: SUCCESS | E19: PASS | F19: True | G19: ACCEPT | H19: 2 | I19: 2 | J19: 0 | K19: 73.58 | L19: 66.92 | M19: -6.66 | N19: 43677 | O19: 1 | P19: 0 | Q19: False | R19: 3336 | S19: 0 | T19: 0 | U19: 0 | V19: 0 | W19: 0 | X19: 2 | Y19: 4551 | Z19: True | AA19: 1.0 | AB19: 1 | AC19: 0
A20: 96 | B20: Medium | C20: CONSOLIDATE_CONDITIONAL | D20: ABORT_STRATEGY | E20: FAIL | F20: False | H20: 11 | I20: 11 | J20: 0 | K20: 30.44 | L20: 30.44 | M20: 0 | N20: 163417 | O20: 4 | P20: 0 | Q20: True | R20: 2826 | S20: 0 | T20: 0 | U20: 0 | V20: 3 | W20: 0 | X20: 0 | Z20: True | AA20: 0.0 | AB20: 0 | AC20: 0
A21: 98 | B21: Medium | C21: FLATTEN_CONDITIONAL | D21: ABORT_STRATEGY | E21: FAIL | F21: False | G21: REVISE | H21: 5 | I21: 5 | J21: 0 | K21: 51.37 | L21: 51.37 | M21: 0 | N21: 336238 | O21: 4 | P21: 0 | Q21: True | R21: 3334 | S21: 0 | T21: 0 | U21: 2 | V21: 0 | W21: 1 | X21: 0 | Z21: True | AA21: 0.0 | AB21: 0 | AC21: 0
A22: 99 | B22: Easy | C22: DECOMPOSE_CONDITIONAL | D22: SUCCESS | E22: PASS | F22: True | G22: ACCEPT | H22: 7 | I22: 6 | J22: -1 | K22: 54.81 | L22: 60.32 | M22: 5.51 | N22: 77977 | O22: 1 | P22: 0 | Q22: False | R22: 3336 | S22: 0 | T22: 0 | U22: 0 | V22: 0 | W22: 0 | X22: 4 | Y22: 4748 | Z22: False | AA22: - | AB22: 0 | AC22: 0
A23: 106 | B23: Medium | C23: SPLIT_LOOP | D23: SUCCESS | E23: PASS | F23: True | G23: ACCEPT | H23: 6 | I23: 5 | J23: -1 | K23: 43.72 | L23: 35.21 | M23: -8.51 | N23: 84326 | O23: 1 | P23: 0 | Q23: False | R23: 3336 | S23: 0 | T23: 0 | U23: 0 | V23: 0 | W23: 0 | X23: 4 | Y23: 10535 | Z23: True | AA23: 0.0 | AB23: 0 | AC23: 0
A24: 110 | B24: Easy | C24: EXTRACT_METHOD | D24: SUCCESS | E24: PASS | F24: True | G24: ACCEPT | H24: 4 | I24: 3 | J24: -1 | K24: 74 | L24: 66.27 | M24: -7.73 | N24: 73845 | O24: 1 | P24: 0 | Q24: False | R24: 3336 | S24: 0 | T24: 0 | U24: 0 | V24: 0 | W24: 0 | X24: 4 | Y24: 5939 | Z24: True | AA24: 0.0 | AB24: 0 | AC24: 0
A25: 121 | B25: Medium | C25: EXTRACT_METHOD | D25: SUCCESS | E25: PASS | F25: True | G25: ACCEPT | H25: 3 | I25: 3 | J25: 0 | K25: 69.83 | L25: 46.93 | M25: -22.9 | N25: 41126 | O25: 1 | P25: 0 | Q25: False | R25: 3336 | S25: 0 | T25: 0 | U25: 0 | V25: 0 | W25: 0 | X25: 2 | Y25: 5446 | Z25: False | AA25: - | AB25: 0 | AC25: 0
A26: 125 | B26: Hard | C26: CONSOLIDATE_CONDITIONAL | D26: SUCCESS | E26: PASS | F26: False | G26: ACCEPT | H26: 8 | I26: 7 | J26: -1 | K26: 16.33 | L26: 16.53 | M26: 0.2 | N26: 311765 | O26: 2 | P26: 0 | Q26: False | R26: 3336 | S26: 0 | T26: 0 | U26: 1 | V26: 2 | W26: 0 | X26: 5 | Y26: 19819 | Z26: True | AA26: 0.0 | AB26: 0 | AC26: 0
A27: 131 | B27: Hard | C27: DECOMPOSE_CONDITIONAL | D27: SUCCESS | E27: PASS | F27: True | G27: ACCEPT | H27: 7 | I27: 7 | J27: 0 | K27: 45.23 | L27: 41.3 | M27: -3.93 | N27: 87583 | O27: 1 | P27: 0 | Q27: False | R27: 3336 | S27: 0 | T27: 0 | U27: 0 | V27: 0 | W27: 0 | X27: 4 | Y27: 7221 | Z27: True | AA27: 0.0 | AB27: 0 | AC27: 0
A28: 141 | B28: Medium | C28: DECOMPOSE_CONDITIONAL | D28: SUCCESS | E28: PASS | F28: True | G28: ACCEPT | H28: 5 | I28: 7 | J28: 2 | K28: 53.47 | L28: 48.61 | M28: -4.86 | N28: 74492 | O28: 1 | P28: 0 | Q28: False | R28: 3336 | S28: 0 | T28: 0 | U28: 0 | V28: 0 | W28: 0 | X28: 4 | Y28: 4568 | Z28: False | AA28: - | AB28: 0 | AC28: 0
A29: 144 | B29: Easy | C29: RENAME_SYMBOL | D29: SUCCESS | E29: PASS | F29: True | G29: ACCEPT | H29: 5 | I29: 5 | J29: 0 | K29: 51.64 | L29: 52.59 | M29: 0.95 | N29: 41893 | O29: 1 | P29: 0 | Q29: False | R29: 3336 | S29: 0 | T29: 0 | U29: 0 | V29: 0 | W29: 0 | X29: 2 | Y29: 6199 | Z29: True | AA29: 0.0 | AB29: 0 | AC29: 0
A30: 146 | B30: Medium | C30: SPLIT_LOOP | D30: SUCCESS | E30: PASS | F30: True | G30: ACCEPT | H30: 4 | I30: 4 | J30: 0 | K30: 56.09 | L30: 35.89 | M30: -20.2 | N30: 278316 | O30: 1 | P30: 0 | Q30: False | R30: 3336 | S30: 0 | T30: 0 | U30: 0 | V30: 0 | W30: 0 | X30: 4 | Y30: 59030 | Z30: False | AA30: - | AB30: 0 | AC30: 0
A31: 147 | B31: Medium | C31: DECOMPOSE_CONDITIONAL | D31: SUCCESS | E31: PASS | F31: True | G31: ACCEPT | H31: 5 | I31: 5 | J31: 0 | K31: 40.67 | L31: 37.36 | M31: -3.31 | N31: 106794 | O31: 1 | P31: 0 | Q31: False | R31: 3336 | S31: 0 | T31: 0 | U31: 0 | V31: 0 | W31: 0 | X31: 4 | Y31: 8198 | Z31: False | AA31: - | AB31: 0 | AC31: 0
A32: 151 | B32: Medium | C32: EXTRACT_VARIABLE | D32: ABORT_STRATEGY | E32: FAIL | F32: False | H32: 3 | I32: 3 | J32: 0 | K32: 51.97 | L32: 51.97 | M32: 0 | N32: 117282 | O32: 4 | P32: 0 | Q32: True | R32: 2828 | S32: 0 | T32: 1 | U32: 0 | V32: 2 | W32: 0 | X32: 5 | Y32: 5035 | Z32: True | AA32: 0.0 | AB32: 0 | AC32: 0
A33: 152 | B33: Medium | C33: INLINE_VARIABLE | D33: SUCCESS | E33: PASS | F33: True | G33: ACCEPT | H33: 3 | I33: 3 | J33: 0 | K33: 61.33 | L33: 64.28 | M33: 2.95 | N33: 42505 | O33: 1 | P33: 0 | Q33: False | R33: 3336 | S33: 0 | T33: 0 | U33: 0 | V33: 0 | W33: 0 | X33: 0 | Z33: False | AA33: - | AB33: 0 | AC33: 0
A34: 153 | B34: Hard | C34: INLINE_VARIABLE | D34: SUCCESS | E34: PASS | F34: False | G34: ACCEPT | H34: 4 | I34: 4 | J34: 0 | K34: 57.1 | L34: 59.71 | M34: 2.61 | N34: 98383 | O34: 3 | P34: 0 | Q34: False | R34: 3336 | S34: 0 | T34: 0 | U34: 0 | V34: 0 | W34: 2 | X34: 0 | Z34: False | AA34: - | AB34: 0 | AC34: 0
A35: 155 | B35: Medium | C35: DECOMPOSE_CONDITIONAL | D35: SUCCESS | E35: PASS | F35: True | G35: ACCEPT | H35: 3 | I35: 4 | J35: 1 | K35: 58.04 | L35: 49.92 | M35: -8.12 | N35: 71919 | O35: 1 | P35: 0 | Q35: False | R35: 3336 | S35: 0 | T35: 0 | U35: 0 | V35: 0 | W35: 0 | X35: 4 | Y35: 4996 | Z35: False | AA35: - | AB35: 0 | AC35: 0
A36: 160 | B36: Medium | C36: RENAME_SYMBOL | D36: ABORT_STRATEGY | E36: FAIL | F36: False | G36: REVISE | H36: 6 | I36: 6 | J36: 0 | K36: 47.42 | L36: 47.42 | M36: 0 | N36: 116837 | O36: 4 | P36: 0 | Q36: True | R36: 3336 | S36: 0 | T36: 0 | U36: 0 | V36: 1 | W36: 2 | X36: 2 | Y36: 8753 | Z36: True | AA36: 0.0 | AB36: 0 | AC36: 0
A37: 161 | B37: Medium | C37: INLINE_VARIABLE | D37: SUCCESS | E37: PASS | F37: True | G37: ACCEPT | H37: 3 | I37: 2 | J37: -1 | K37: 61.07 | L37: 92.39 | M37: 31.32 | N37: 38605 | O37: 1 | P37: 0 | Q37: False | R37: 3336 | S37: 0 | T37: 0 | U37: 0 | V37: 0 | W37: 0 | X37: 2 | Y37: 2032 | Z37: True | AA37: 0.0 | AB37: 0 | AC37: 0
A38: 164 | B38: Medium | C38: DECOMPOSE_CONDITIONAL | D38: SUCCESS | E38: PASS | F38: True | G38: ACCEPT | H38: 9 | I38: 9 | J38: 0 | K38: 47.19 | L38: 44.98 | M38: -2.21 | N38: 90291 | O38: 1 | P38: 0 | Q38: False | R38: 3336 | S38: 0 | T38: 0 | U38: 0 | V38: 0 | W38: 0 | X38: 4 | Y38: 7522 | Z38: False | AA38: - | AB38: 0 | AC38: 0
A39: 168 | B39: Easy | C39: REPLACE_LOOP_WITH_PIPELINE | D39: SUCCESS | E39: PASS | F39: True | G39: ACCEPT | H39: 4 | I39: 1 | J39: -3 | K39: 68.32 | L39: 77.36 | M39: 9.04 | N39: 57808 | O39: 1 | P39: 0 | Q39: False | R39: 3336 | S39: 0 | T39: 0 | U39: 0 | V39: 0 | W39: 0 | X39: 0 | Z39: False | AA39: - | AB39: 0 | AC39: 0
A40: 171 | B40: Medium | C40: RENAME_SYMBOL | D40: ABORT_STRATEGY | E40: FAIL | F40: False | H40: 2 | I40: 2 | J40: 0 | K40: 80.24 | L40: 80.24 | M40: 0 | N40: 73694 | O40: 4 | P40: 0 | Q40: True | R40: 2828 | S40: 0 | T40: 0 | U40: 0 | V40: 3 | W40: 0 | X40: 5 | Y40: 2660 | Z40: True | AA40: 1.0 | AB40: 1 | AC40: 0
A41: 182 | B41: Medium | C41: REPLACE_LOOP_WITH_PIPELINE | D41: SUCCESS | E41: PASS | F41: False | G41: ACCEPT | H41: 2 | I41: 2 | J41: 0 | K41: 73.6 | L41: 79.91 | M41: 6.31 | N41: 97286 | O41: 3 | P41: 0 | Q41: False | R41: 3336 | S41: 0 | T41: 0 | U41: 0 | V41: 0 | W41: 2 | X41: 0 | Z41: False | AA41: - | AB41: 0 | AC41: 0
A42: 191 | B42: Medium | C42: SPLIT_LOOP | D42: SUCCESS | E42: PASS | F42: True | G42: ACCEPT | H42: 8 | I42: 4 | J42: -4 | K42: 42.8 | L42: 39.74 | M42: -3.06 | N42: 80309 | O42: 1 | P42: 0 | Q42: False | R42: 3336 | S42: 0 | T42: 0 | U42: 0 | V42: 0 | W42: 0 | X42: 3 | Y42: 11004 | Z42: False | AA42: - | AB42: 0 | AC42: 0
A43: 193 | B43: Medium | C43: EXTRACT_METHOD | D43: SUCCESS | E43: PASS | F43: True | G43: ACCEPT | H43: 4 | I43: 3 | J43: -1 | K43: 61.95 | L43: 64.54 | M43: 2.59 | N43: 72768 | O43: 1 | P43: 0 | Q43: False | R43: 3336 | S43: 0 | T43: 0 | U43: 0 | V43: 0 | W43: 0 | X43: 4 | Y43: 4876 | Z43: True | AA43: 0.0 | AB43: 0 | AC43: 0
A44: 203 | B44: Easy | C44: DECOMPOSE_CONDITIONAL | D44: SUCCESS | E44: PASS | F44: False | G44: ACCEPT | H44: 4 | I44: 4 | J44: 0 | K44: 63.82 | L44: 58.71 | M44: -5.11 | N44: 100611 | O44: 2 | P44: 0 | Q44: False | R44: 3336 | S44: 0 | T44: 0 | U44: 0 | V44: 2 | W44: 0 | X44: 4 | Y44: 5303 | Z44: False | AA44: - | AB44: 0 | AC44: 0
A45: 204 | B45: Hard | C45: EXTRACT_METHOD | D45: SUCCESS | E45: PASS | F45: True | G45: ACCEPT | H45: 5 | I45: 5 | J45: 0 | K45: 52.68 | L45: 52.69 | M45: 0.01 | N45: 64063 | O45: 1 | P45: 0 | Q45: False | R45: 3336 | S45: 0 | T45: 0 | U45: 0 | V45: 0 | W45: 0 | X45: 3 | Y45: 6006 | Z45: False | AA45: - | AB45: 0 | AC45: 0
A46: 210 | B46: Easy | C46: RENAME_SYMBOL | D46: ABORT_STRATEGY | E46: FAIL | F46: False | G46: REVISE | H46: 2 | I46: 2 | J46: 0 | K46: 63.54 | L46: 63.54 | M46: 0 | N46: 94281 | O46: 4 | P46: 0 | Q46: True | R46: 3336 | S46: 0 | T46: 0 | U46: 0 | V46: 0 | W46: 3 | X46: 3 | Y46: 3319 | Z46: True | AA46: 0.0 | AB46: 0 | AC46: 0
A47: 217 | B47: Hard | C47: EXTRACT_METHOD | D47: SUCCESS | E47: PASS | F47: True | G47: ACCEPT | H47: 2 | I47: 2 | J47: 0 | K47: 57.14 | L47: 50.87 | M47: -6.27 | N47: 64294 | O47: 1 | P47: 0 | Q47: False | R47: 3336 | S47: 0 | T47: 0 | U47: 0 | V47: 0 | W47: 0 | X47: 4 | Y47: 3590 | Z47: True | AA47: 0.0 | AB47: 0 | AC47: 0
A48: 221 | B48: Medium | C48: RENAME_SYMBOL | D48: SUCCESS | E48: PASS | F48: True | G48: ACCEPT | H48: 1 | I48: 1 | J48: 0 | K48: 94.95 | L48: 94.95 | M48: 0 | N48: 32874 | O48: 1 | P48: 0 | Q48: False | R48: 3336 | S48: 0 | T48: 0 | U48: 0 | V48: 0 | W48: 0 | X48: 2 | Y48: 1758 | Z48: False | AA48: - | AB48: 0 | AC48: 0
A49: 227 | B49: Easy | C49: EXTRACT_METHOD | D49: SUCCESS | E49: PASS | F49: True | G49: ACCEPT | H49: 6 | I49: 6 | J49: 0 | K49: 62.99 | L49: 43.37 | M49: -19.62 | N49: 57836 | O49: 1 | P49: 0 | Q49: False | R49: 3336 | S49: 0 | T49: 0 | U49: 0 | V49: 0 | W49: 0 | X49: 2 | Y49: 8581 | Z49: False | AA49: - | AB49: 0 | AC49: 0
A50: 230 | B50: Easy | C50: DECOMPOSE_CONDITIONAL | D50: SUCCESS | E50: PASS | F50: True | G50: ACCEPT | H50: 4 | I50: 4 | J50: 0 | K50: 52.82 | L50: 46.24 | M50: -6.58 | N50: 77635 | O50: 1 | P50: 0 | Q50: False | R50: 3336 | S50: 0 | T50: 0 | U50: 0 | V50: 0 | W50: 0 | X50: 4 | Y50: 5405 | Z50: False | AA50: - | AB50: 0 | AC50: 0
A51: 238 | B51: Medium | C51: FLATTEN_CONDITIONAL | D51: SUCCESS | E51: PASS | F51: False | G51: ACCEPT | H51: 5 | I51: 4 | J51: -1 | K51: 49.25 | L51: 43.94 | M51: -5.31 | N51: 272373 | O51: 3 | P51: 0 | Q51: False | R51: 3336 | S51: 2 | T51: 0 | U51: 0 | V51: 0 | W51: 0 | X51: 0 | Z51: True | AA51: 1.0 | AB51: 1 | AC51: 0
A52: 243 | B52: Medium | C52: EXTRACT_METHOD | D52: SUCCESS | E52: PASS | F52: True | G52: ACCEPT | H52: 4 | I52: 4 | J52: 0 | K52: 53.99 | L52: 32.42 | M52: -21.57 | N52: 143935 | O52: 1 | P52: 0 | Q52: False | R52: 3334 | S52: 0 | T52: 0 | U52: 0 | V52: 0 | W52: 0 | X52: 2 | Y52: 7502 | Z52: False | AA52: - | AB52: 0 | AC52: 0
A53: 248 | B53: Hard | C53: DECOMPOSE_CONDITIONAL | D53: SUCCESS | E53: PASS | F53: True | G53: ACCEPT | H53: 7 | I53: 8 | J53: 1 | K53: 51.63 | L53: 43.67 | M53: -7.96 | N53: 93940 | O53: 1 | P53: 0 | Q53: False | R53: 3334 | S53: 0 | T53: 0 | U53: 0 | V53: 0 | W53: 0 | X53: 4 | Y53: 6320 | Z53: False | AA53: - | AB53: 0 | AC53: 0
A54: 249 | B54: Easy | C54: EXTRACT_METHOD | D54: SUCCESS | E54: PASS | F54: True | G54: ACCEPT | H54: 4 | I54: 4 | J54: 0 | K54: 62.79 | L54: 57.69 | M54: -5.1 | N54: 62680 | O54: 1 | P54: 0 | Q54: False | R54: 3334 | S54: 0 | T54: 0 | U54: 0 | V54: 0 | W54: 0 | X54: 4 | Y54: 5028 | Z54: False | AA54: - | AB54: 0 | AC54: 0
A55: 251 | B55: Easy | C55: REPLACE_LOOP_WITH_PIPELINE | D55: SUCCESS | E55: PASS | F55: True | G55: ACCEPT | H55: 2 | I55: 1 | J55: -1 | K55: 69.89 | L55: 80.85 | M55: 10.96 | N55: 37858 | O55: 1 | P55: 0 | Q55: False | R55: 3334 | S55: 0 | T55: 0 | U55: 0 | V55: 0 | W55: 0 | X55: 0 | Z55: False | AA55: - | AB55: 0 | AC55: 0
A56: 257 | B56: Medium | C56: EXTRACT_METHOD | D56: SUCCESS | E56: PASS | F56: True | G56: ACCEPT | H56: 3 | I56: 3 | J56: 0 | K56: 65.2 | L56: 60 | M56: -5.2 | N56: 80315 | O56: 1 | P56: 0 | Q56: False | R56: 3334 | S56: 0 | T56: 0 | U56: 0 | V56: 0 | W56: 0 | X56: 4 | Y56: 5130 | Z56: False | AA56: - | AB56: 0 | AC56: 0
A57: 258 | B57: Medium | C57: INLINE_VARIABLE | D57: SUCCESS | E57: PASS | F57: True | G57: ACCEPT | H57: 4 | I57: 4 | J57: 0 | K57: 54.13 | L57: 60.4 | M57: 6.27 | N57: 40927 | O57: 1 | P57: 0 | Q57: False | R57: 3334 | S57: 0 | T57: 0 | U57: 0 | V57: 0 | W57: 0 | X57: 0 | Z57: True | AA57: 0.0 | AB57: 0 | AC57: 0
A58: 259 | B58: Medium | C58: INLINE_VARIABLE | D58: SUCCESS | E58: PASS | F58: True | G58: ACCEPT | H58: 4 | I58: 4 | J58: 0 | K58: 60.98 | L58: 67.18 | M58: 6.2 | N58: 49696 | O58: 1 | P58: 0 | Q58: False | R58: 3334 | S58: 0 | T58: 0 | U58: 0 | V58: 0 | W58: 0 | X58: 0 | Z58: True | AA58: 0.0 | AB58: 0 | AC58: 0
A59: 263 | B59: Medium | C59: DECOMPOSE_CONDITIONAL | D59: SUCCESS | E59: PASS | F59: True | G59: ACCEPT | H59: 6 | I59: 6 | J59: 0 | K59: 58.55 | L59: 49.89 | M59: -8.66 | N59: 69448 | O59: 1 | P59: 0 | Q59: False | R59: 3334 | S59: 0 | T59: 0 | U59: 0 | V59: 0 | W59: 0 | X59: 4 | Y59: 4304 | Z59: True | AA59: 0.0 | AB59: 0 | AC59: 0
A60: 265 | B60: Hard | C60: INLINE_METHOD | D60: SUCCESS | E60: PASS | F60: True | G60: ACCEPT | H60: 7 | I60: 8 | J60: 1 | K60: 30.88 | L60: 22.74 | M60: -8.14 | N60: 181386 | O60: 1 | P60: 0 | Q60: False | R60: 3334 | S60: 0 | T60: 0 | U60: 0 | V60: 0 | W60: 0 | X60: 0 | Z60: True | AA60: 0.0 | AB60: 0 | AC60: 0
A61: 270 | B61: Medium | C61: EXTRACT_VARIABLE | D61: SUCCESS | E61: PASS | F61: False | G61: ACCEPT | H61: 3 | I61: 3 | J61: 0 | K61: 62.14 | L61: 60.91 | M61: -1.23 | N61: 141896 | O61: 3 | P61: 0 | Q61: False | R61: 3336 | S61: 0 | T61: 1 | U61: 0 | V61: 2 | W61: 0 | X61: 5 | Y61: 5400 | Z61: True | AA61: 0.0 | AB61: 0 | AC61: 0
A62: 274 | B62: Medium | C62: DECOMPOSE_CONDITIONAL | D62: SUCCESS | E62: PASS | F62: False | G62: ACCEPT | H62: 10 | I62: 8 | J62: -2 | K62: 36.21 | L62: 33.98 | M62: -2.23 | N62: 196732 | O62: 2 | P62: 0 | Q62: False | R62: 3336 | S62: 0 | T62: 0 | U62: 2 | V62: 0 | W62: 0 | X62: 4 | Y62: 12220 | Z62: False | AA62: - | AB62: 0 | AC62: 0
A63: 275 | B63: Easy | C63: RENAME_SYMBOL | D63: SUCCESS | E63: PASS | F63: False | G63: ACCEPT | H63: 1 | I63: 1 | J63: 0 | K63: 102.46 | L63: 102.46 | M63: 0 | N63: 59834 | O63: 2 | P63: 0 | Q63: False | R63: 3336 | S63: 0 | T63: 0 | U63: 0 | V63: 0 | W63: 1 | X63: 2 | Y63: 1396 | Z63: True | AA63: 0.0 | AB63: 0 | AC63: 0
A64: 292 | B64: Medium | C64: EXTRACT_METHOD | D64: SUCCESS | E64: PASS | F64: True | G64: ACCEPT | H64: 2 | I64: 2 | J64: 0 | K64: 72.67 | L64: 65.38 | M64: -7.29 | N64: 38311 | O64: 1 | P64: 0 | Q64: False | R64: 3336 | S64: 0 | T64: 0 | U64: 0 | V64: 0 | W64: 0 | X64: 2 | Y64: 3544 | Z64: True | AA64: 0.0 | AB64: 0 | AC64: 0
A65: 293 | B65: Medium | C65: SPLIT_LOOP | D65: ABORT_STRATEGY | E65: FAIL | F65: False | H65: 10 | I65: 10 | J65: 0 | K65: 32.33 | L65: 32.33 | M65: 0 | N65: 256545 | O65: 4 | P65: 0 | Q65: True | R65: 2828 | S65: 0 | T65: 0 | U65: 0 | V65: 3 | W65: 0 | X65: 4 | Y65: 11144 | Z65: True | AA65: 0.0 | AB65: 0 | AC65: 0
A66: 300 | B66: Hard | C66: SPLIT_LOOP | D66: ABORT_STRATEGY | E66: FAIL | F66: False | H66: 17 | I66: 17 | J66: 0 | K66: 11.7 | L66: 11.7 | M66: 0 | N66: 482525 | O66: 4 | P66: 0 | Q66: True | R66: 2828 | S66: 0 | T66: 0 | U66: 0 | V66: 3 | W66: 0 | X66: 4 | Y66: 16570 | Z66: True | AA66: 0.0 | AB66: 0 | AC66: 0
A67: 301 | B67: Medium | C67: CONSOLIDATE_CONDITIONAL | D67: ABORT_STRATEGY | E67: FAIL | F67: False | H67: 6 | I67: 6 | J67: 0 | K67: 45.83 | L67: 45.83 | M67: 0 | N67: 151844 | O67: 4 | P67: 0 | Q67: True | R67: 2828 | S67: 0 | T67: 0 | U67: 0 | V67: 3 | W67: 0 | X67: 4 | Y67: 5820 | Z67: True | AA67: 0.0 | AB67: 0 | AC67: 0
A68: 302 | B68: Medium | C68: RENAME_SYMBOL | D68: SUCCESS | E68: PASS | F68: False | G68: ACCEPT | H68: 1 | I68: 1 | J68: 0 | K68: 107.23 | L68: 107.23 | M68: 0 | N68: 41874 | O68: 2 | P68: 0 | Q68: False | R68: 3336 | S68: 0 | T68: 0 | U68: 0 | V68: 0 | W68: 1 | X68: 2 | Y68: 1333 | Z68: True | AA68: 1.0 | AB68: 1 | AC68: 0
A69: 305 | B69: Medium | C69: SPLIT_LOOP | D69: SUCCESS | E69: PASS | F69: False | G69: ACCEPT | H69: 4 | I69: 4 | J69: 0 | K69: 60.15 | L69: 44.03 | M69: -16.12 | N69: 101253 | O69: 2 | P69: 0 | Q69: False | R69: 3336 | S69: 0 | T69: 0 | U69: 0 | V69: 2 | W69: 0 | X69: 3 | Y69: 4325 | Z69: False | AA69: - | AB69: 0 | AC69: 0
A70: 306 | B70: Medium | C70: CONSOLIDATE_CONDITIONAL | D70: ABORT_STRATEGY | E70: FAIL | F70: False | H70: 5 | I70: 5 | J70: 0 | K70: 41.88 | L70: 41.88 | M70: 0 | N70: 143853 | O70: 4 | P70: 0 | Q70: True | R70: 2828 | S70: 0 | T70: 0 | U70: 0 | V70: 3 | W70: 0 | X70: 0 | Z70: True | AA70: 0.0 | AB70: 0 | AC70: 0
A71: 308 | B71: Medium | C71: RENAME_SYMBOL | D71: SUCCESS | E71: PASS | F71: True | G71: ACCEPT | H71: 5 | I71: 5 | J71: 0 | K71: 58.41 | L71: 58.41 | M71: 0 | N71: 44827 | O71: 1 | P71: 0 | Q71: False | R71: 3336 | S71: 0 | T71: 0 | U71: 0 | V71: 0 | W71: 0 | X71: 2 | Y71: 4892 | Z71: False | AA71: - | AB71: 0 | AC71: 0
A72: 311 | B72: Medium | C72: DECOMPOSE_CONDITIONAL | D72: SUCCESS | E72: PASS | F72: True | G72: ACCEPT | H72: 4 | I72: 4 | J72: 0 | K72: 53.4 | L72: 47.83 | M72: -5.57 | N72: 59012 | O72: 1 | P72: 0 | Q72: False | R72: 3336 | S72: 0 | T72: 0 | U72: 0 | V72: 0 | W72: 0 | X72: 3 | Y72: 6391 | Z72: False | AA72: - | AB72: 0 | AC72: 0
A73: 320 | B73: Medium | C73: INLINE_METHOD | D73: ABORT_STRATEGY | E73: FAIL | F73: False | H73: 2 | I73: 2 | J73: 0 | K73: 54.62 | L73: 54.62 | M73: 0 | N73: 96748 | O73: 4 | P73: 0 | Q73: True | R73: 2828 | S73: 0 | T73: 0 | U73: 3 | V73: 0 | W73: 0 | X73: 0 | Z73: True | AA73: 0.0 | AB73: 0 | AC73: 0
A74: 334 | B74: Medium | C74: RENAME_SYMBOL | D74: SUCCESS | E74: PASS | F74: True | G74: ACCEPT | H74: 7 | I74: 7 | J74: 0 | K74: 15.01 | L74: 15.01 | M74: 0 | N74: 87963 | O74: 1 | P74: 0 | Q74: False | R74: 3336 | S74: 0 | T74: 0 | U74: 0 | V74: 0 | W74: 0 | X74: 3 | Y74: 15961 | Z74: True | AA74: 1.0 | AB74: 1 | AC74: 0
A75: 354 | B75: Medium | C75: INLINE_VARIABLE | D75: SUCCESS | E75: PASS | F75: True | G75: ACCEPT | H75: 2 | I75: 2 | J75: 0 | K75: 76.81 | L75: 80.05 | M75: 3.24 | N75: 42019 | O75: 1 | P75: 0 | Q75: False | R75: 3336 | S75: 0 | T75: 0 | U75: 0 | V75: 0 | W75: 0 | X75: 0 | Z75: True | AA75: 0.0 | AB75: 0 | AC75: 0
A76: 359 | B76: Medium | C76: RENAME_SYMBOL | D76: SUCCESS | E76: PASS | F76: True | G76: ACCEPT | H76: 5 | I76: 5 | J76: 0 | K76: 61.42 | L76: 61.52 | M76: 0.1 | N76: 46387 | O76: 1 | P76: 0 | Q76: False | R76: 3336 | S76: 0 | T76: 0 | U76: 0 | V76: 0 | W76: 0 | X76: 2 | Y76: 4652 | Z76: True | AA76: 0.0 | AB76: 0 | AC76: 0
A77: 366 | B77: Easy | C77: DECOMPOSE_CONDITIONAL | D77: SUCCESS | E77: PASS | F77: True | G77: ACCEPT | H77: 5 | I77: 5 | J77: 0 | K77: 58.13 | L77: 56.76 | M77: -1.37 | N77: 70349 | O77: 1 | P77: 0 | Q77: False | R77: 3336 | S77: 0 | T77: 0 | U77: 0 | V77: 0 | W77: 0 | X77: 4 | Y77: 5316 | Z77: True | AA77: 0.0 | AB77: 0 | AC77: 0
A78: 372 | B78: Easy | C78: EXTRACT_METHOD | D78: SUCCESS | E78: PASS | F78: True | G78: ACCEPT | H78: 3 | I78: 3 | J78: 0 | K78: 83.86 | L78: 74.67 | M78: -9.19 | N78: 44628 | O78: 1 | P78: 0 | Q78: False | R78: 3336 | S78: 0 | T78: 0 | U78: 0 | V78: 0 | W78: 0 | X78: 2 | Y78: 3952 | Z78: True | AA78: 0.0 | AB78: 0 | AC78: 0
A79: 383 | B79: Medium | C79: EXTRACT_METHOD | D79: SUCCESS | E79: PASS | F79: True | G79: ACCEPT | H79: 2 | I79: 2 | J79: 0 | K79: 56.35 | L79: 50.73 | M79: -5.62 | N79: 75706 | O79: 1 | P79: 0 | Q79: False | R79: 3336 | S79: 0 | T79: 0 | U79: 0 | V79: 0 | W79: 0 | X79: 4 | Y79: 5116 | Z79: False | AA79: - | AB79: 0 | AC79: 0
A80: 391 | B80: Easy | C80: DECOMPOSE_CONDITIONAL | D80: SUCCESS | E80: PASS | F80: True | G80: ACCEPT | H80: 9 | I80: 9 | J80: 0 | K80: 50.22 | L80: 46.45 | M80: -3.77 | N80: 95637 | O80: 1 | P80: 0 | Q80: False | R80: 3336 | S80: 0 | T80: 0 | U80: 0 | V80: 0 | W80: 0 | X80: 4 | Y80: 8194 | Z80: True | AA80: 0.0 | AB80: 0 | AC80: 0
A81: 407 | B81: Medium | C81: RENAME_SYMBOL | D81: SUCCESS | E81: PASS | F81: True | G81: ACCEPT | H81: 3 | I81: 3 | J81: 0 | K81: 50.64 | L81: 50.64 | M81: 0 | N81: 47977 | O81: 1 | P81: 0 | Q81: False | R81: 3336 | S81: 0 | T81: 0 | U81: 0 | V81: 0 | W81: 0 | X81: 2 | Y81: 6055 | Z81: True | AA81: 0.0 | AB81: 0 | AC81: 0
A82: 424 | B82: Easy | C82: RENAME_SYMBOL | D82: SUCCESS | E82: PASS | F82: True | G82: ACCEPT | H82: 2 | I82: 2 | J82: 0 | K82: 83.96 | L82: 83.96 | M82: 0 | N82: 38281 | O82: 1 | P82: 0 | Q82: False | R82: 3336 | S82: 0 | T82: 0 | U82: 0 | V82: 0 | W82: 0 | X82: 2 | Y82: 2128 | Z82: True | AA82: 1.0 | AB82: 1 | AC82: 0
A83: 427 | B83: Medium | C83: RENAME_SYMBOL | D83: SUCCESS | E83: PASS | F83: True | G83: ACCEPT | H83: 4 | I83: 4 | J83: 0 | K83: 63.46 | L83: 63.46 | M83: 0 | N83: 41957 | O83: 1 | P83: 0 | Q83: False | R83: 3336 | S83: 0 | T83: 0 | U83: 0 | V83: 0 | W83: 0 | X83: 2 | Y83: 4288 | Z83: False | AA83: - | AB83: 0 | AC83: 0
A84: 429 | B84: Hard | C84: DECOMPOSE_CONDITIONAL | D84: SUCCESS | E84: PASS | F84: True | G84: ACCEPT | H84: 6 | I84: 6 | J84: 0 | K84: 42.53 | L84: 39.79 | M84: -2.74 | N84: 96358 | O84: 1 | P84: 0 | Q84: False | R84: 3336 | S84: 0 | T84: 0 | U84: 0 | V84: 0 | W84: 0 | X84: 4 | Y84: 9178 | Z84: False | AA84: - | AB84: 0 | AC84: 0
A85: 431 | B85: Easy | C85: EXTRACT_METHOD | D85: SUCCESS | E85: PASS | F85: True | G85: ACCEPT | H85: 4 | I85: 4 | J85: 0 | K85: 56.75 | L85: 52.41 | M85: -4.34 | N85: 47238 | O85: 1 | P85: 0 | Q85: False | R85: 3336 | S85: 0 | T85: 0 | U85: 0 | V85: 0 | W85: 0 | X85: 2 | Y85: 5834 | Z85: True | AA85: 0.0 | AB85: 0 | AC85: 0
A86: 441 | B86: Hard | C86: EXTRACT_METHOD | D86: SUCCESS | E86: PASS | F86: False | G86: ACCEPT | H86: 2 | I86: 1 | J86: -1 | K86: 76.09 | L86: 74.23 | M86: -1.86 | N86: 101276 | O86: 2 | P86: 0 | Q86: False | R86: 3336 | S86: 0 | T86: 0 | U86: 0 | V86: 2 | W86: 0 | X86: 4 | Y86: 5005 | Z86: True | AA86: 0.0 | AB86: 0 | AC86: 0
A87: 442 | B87: Easy | C87: REMOVE_CONTROL_FLAG | D87: SUCCESS | E87: PASS | F87: True | G87: ACCEPT | H87: 6 | I87: 5 | J87: -1 | K87: 53.89 | L87: 60.46 | M87: 6.57 | N87: 49978 | O87: 1 | P87: 0 | Q87: False | R87: 3336 | S87: 0 | T87: 0 | U87: 0 | V87: 0 | W87: 0 | X87: 0 | Z87: True | AA87: 0.0 | AB87: 0 | AC87: 0
A88: 445 | B88: Medium | C88: REPLACE_LOOP_WITH_PIPELINE | D88: SUCCESS | E88: PASS | F88: True | G88: ACCEPT | H88: 2 | I88: 1 | J88: -1 | K88: 72.56 | L88: 84.34 | M88: 11.78 | N88: 42298 | O88: 1 | P88: 0 | Q88: False | R88: 3336 | S88: 0 | T88: 0 | U88: 0 | V88: 0 | W88: 0 | X88: 0 | Z88: False | AA88: - | AB88: 0 | AC88: 0
A89: 449 | B89: Hard | C89: EXTRACT_METHOD | D89: SUCCESS | E89: PASS | F89: True | G89: ACCEPT | H89: 5 | I89: 5 | J89: 0 | K89: 56.03 | L89: 51.29 | M89: -4.74 | N89: 65752 | O89: 1 | P89: 0 | Q89: False | R89: 3336 | S89: 0 | T89: 0 | U89: 0 | V89: 0 | W89: 0 | X89: 3 | Y89: 7013 | Z89: True | AA89: 0.0 | AB89: 0 | AC89: 0
A90: 451 | B90: Medium | C90: FLATTEN_CONDITIONAL | D90: SUCCESS | E90: PASS | F90: True | G90: ACCEPT | H90: 10 | I90: 5 | J90: -5 | K90: 27.5 | L90: 52.85 | M90: 25.35 | N90: 128614 | O90: 1 | P90: 0 | Q90: False | R90: 3336 | S90: 0 | T90: 0 | U90: 0 | V90: 0 | W90: 0 | X90: 4 | Y90: 10734 | Z90: False | AA90: - | AB90: 0 | AC90: 0
A91: 471 | B91: Hard | C91: DECOMPOSE_CONDITIONAL | D91: SUCCESS | E91: PASS | F91: True | G91: ACCEPT | H91: 9 | I91: 9 | J91: 0 | K91: 33.33 | L91: 33.69 | M91: 0.36 | N91: 100396 | O91: 1 | P91: 0 | Q91: False | R91: 3336 | S91: 0 | T91: 0 | U91: 0 | V91: 0 | W91: 0 | X91: 5 | Y91: 12468 | Z91: False | AA91: - | AB91: 0 | AC91: 0
A92: 474 | B92: Medium | C92: INLINE_METHOD | D92: SUCCESS | E92: PASS | F92: True | G92: ACCEPT | H92: 5 | I92: 5 | J92: 0 | K92: 43.91 | L92: 35.34 | M92: -8.57 | N92: 61916 | O92: 1 | P92: 0 | Q92: False | R92: 3336 | S92: 0 | T92: 0 | U92: 0 | V92: 0 | W92: 0 | X92: 0 | Z92: False | AA92: - | AB92: 0 | AC92: 0
A93: 477 | B93: Medium | C93: DECOMPOSE_CONDITIONAL | D93: SUCCESS | E93: PASS | F93: True | G93: ACCEPT | H93: 6 | I93: 7 | J93: 1 | K93: 54.17 | L93: 49.18 | M93: -4.99 | N93: 92518 | O93: 1 | P93: 0 | Q93: False | R93: 3336 | S93: 0 | T93: 0 | U93: 0 | V93: 0 | W93: 0 | X93: 4 | Y93: 5656 | Z93: False | AA93: - | AB93: 0 | AC93: 0
A94: 478 | B94: Easy | C94: EXTRACT_METHOD | D94: SUCCESS | E94: PASS | F94: True | G94: ACCEPT | H94: 3 | I94: 2 | J94: -1 | K94: 68.77 | L94: 47.53 | M94: -21.24 | N94: 49384 | O94: 1 | P94: 0 | Q94: False | R94: 3336 | S94: 0 | T94: 0 | U94: 0 | V94: 0 | W94: 0 | X94: 2 | Y94: 6734 | Z94: False | AA94: - | AB94: 0 | AC94: 0
A95: 484 | B95: Easy | C95: DECOMPOSE_CONDITIONAL | D95: SUCCESS | E95: PASS | F95: True | G95: ACCEPT | H95: 7 | I95: 8 | J95: 1 | K95: 44.83 | L95: 43.58 | M95: -1.25 | N95: 102112 | O95: 1 | P95: 0 | Q95: False | R95: 3336 | S95: 0 | T95: 0 | U95: 0 | V95: 0 | W95: 0 | X95: 4 | Y95: 7932 | Z95: False | AA95: - | AB95: 0 | AC95: 0
A96: 487 | B96: Easy | C96: EXTRACT_METHOD | D96: SUCCESS | E96: PASS | F96: True | G96: ACCEPT | H96: 5 | I96: 4 | J96: -1 | K96: 65.33 | L96: 59.91 | M96: -5.42 | N96: 68852 | O96: 1 | P96: 0 | Q96: False | R96: 3336 | S96: 0 | T96: 0 | U96: 0 | V96: 0 | W96: 0 | X96: 4 | Y96: 4750 | Z96: True | AA96: 0.0 | AB96: 0 | AC96: 0
A97: 495 | B97: Hard | C97: CONSOLIDATE_CONDITIONAL | D97: ABORT_STRATEGY | E97: FAIL | F97: False | H97: 5 | I97: 5 | J97: 0 | K97: 46.49 | L97: 46.49 | M97: 0 | N97: 127315 | O97: 4 | P97: 0 | Q97: True | R97: 2828 | S97: 0 | T97: 0 | U97: 0 | V97: 3 | W97: 0 | X97: 0 | Z97: True | AA97: 0.0 | AB97: 0 | AC97: 0
A98: 499 | B98: Medium | C98: SPLIT_LOOP | D98: ABORT_STRATEGY | E98: FAIL | F98: False | H98: 3 | I98: 3 | J98: 0 | K98: 70.07 | L98: 70.07 | M98: 0 | N98: 127311 | O98: 4 | P98: 0 | Q98: True | R98: 2828 | S98: 0 | T98: 0 | U98: 0 | V98: 3 | W98: 0 | X98: 4 | Y98: 3257 | Z98: True | AA98: 0.0 | AB98: 0 | AC98: 0
A99: 502 | B99: Easy | C99: RENAME_SYMBOL | D99: SUCCESS | E99: PASS | F99: False | G99: ACCEPT | H99: 2 | I99: 2 | J99: 0 | K99: 89.17 | L99: 89.17 | M99: 0 | N99: 69087 | O99: 2 | P99: 0 | Q99: False | R99: 3336 | S99: 0 | T99: 0 | U99: 0 | V99: 0 | W99: 1 | X99: 3 | Y99: 2144 | Z99: True | AA99: 0.0 | AB99: 0 | AC99: 0
A100: 503 | B100: Medium | C100: REMOVE_CONTROL_FLAG | D100: SUCCESS | E100: PASS | F100: True | G100: ACCEPT | H100: 6 | I100: 6 | J100: 0 | K100: 53.07 | L100: 56.79 | M100: 3.72 | N100: 56033 | O100: 1 | P100: 0 | Q100: False | R100: 3336 | S100: 0 | T100: 0 | U100: 0 | V100: 0 | W100: 0 | X100: 0 | Z100: True | AA100: 0.0 | AB100: 0 | AC100: 0
...

Sheet Computations
A1: Table 1: Overall CSR
A2: Metric | B2: Single | C2: Multi
A3: CSR (%) | B3: =B5/B6 -> 0.67741935 | C3: =C5/C6 -> 0.58422939
A4: Compiled | B4: =COUNTIF(Data_Single!Z:Z, "True") -> 189 | C4: =COUNTIF(Data_Multi!Z:Z, "True") -> 163
A5: Total | B5: =COUNTA(Data_Single!A:A)-1 -> 279 | C5: =COUNTA(Data_Multi!A:A)-1 -> 279
A8: Table 2: Duration Statistics
A9: Metric | B9: Single (7B) | C9: Multi (3BxN)
A10: RAW mean (s) | B10: =AVERAGE(Data_Single!N:N)/1000 -> 19.470373 | C10: =AVERAGE(Data_Multi!N:N)/1000 -> 97.26233
A11: RAW median (s) | B11: =MEDIAN(Data_Single!N:N)/1000 -> 17.551 | C11: =MEDIAN(Data_Multi!N:N)/1000 -> 80.315
A12: SUCCESS mean (s) | B12: =AVERAGEIFS(Data_Single!N:N, Data_Single!D:D, "SUCCESS")/1000 -> 19.412713 | C12: =AVERAGEIFS(Data_Multi!N:N, Data_Multi!D:D, "SUCCESS")/1000 -> 80.114342
A13: Total wall time (s) | B13: =SUM(Data_Single!N:N)/1000 -> 5432.234 | C13: =SUM(Data_Multi!N:N)/1000 -> 27136.19
A16: Table 3: Peak GPU Memory
A17: Metric | B17: Single (7B) | C17: Multi (3BxN)
A18: Mean (MB) | B18: =AVERAGE(Data_Single!R:R) -> 4043.9427 | C18: =AVERAGE(Data_Multi!R:R) -> 3231.9857
A19: Median (MB) | B19: =MEDIAN(Data_Single!R:R) -> 4040 | C19: =MEDIAN(Data_Multi!R:R) -> 3336
A20: Max (MB) | B20: =MAX(Data_Single!R:R) -> 4054 | C20: =MAX(Data_Multi!R:R) -> 3336
A21: Min (MB) | B21: =MIN(Data_Single!R:R) -> 4024 | C21: =MIN(Data_Multi!R:R) -> 2826
A24: Table 4: CC Delta
A25: Metric | B25: Single | C25: Multi
A26: Mean | B26: =AVERAGE(Data_Single!J:J) -> -0.082437276 | C26: =AVERAGE(Data_Multi!J:J) -> -0.2437276
A27: Median | B27: =MEDIAN(Data_Single!J:J) -> 0 | C27: =MEDIAN(Data_Multi!J:J) -> 0
A28: Max | B28: =MAX(Data_Single!J:J) -> 9 | C28: =MAX(Data_Multi!J:J) -> 4
A29: Min | B29: =MIN(Data_Single!J:J) -> -7 | C29: =MIN(Data_Multi!J:J) -> -5
A32: Table 5: MI Delta
A33: Metric | B33: Single | C33: Multi
A34: Mean | B34: =AVERAGE(Data_Single!M:M) -> -1.6304301 | C34: =AVERAGE(Data_Multi!M:M) -> -1.5939785
A35: Median | B35: =MEDIAN(Data_Single!M:M) -> -1.87 | C35: =MEDIAN(Data_Multi!M:M) -> 0
A36: Max | B36: =MAX(Data_Single!M:M) -> 51.46 | C36: =MAX(Data_Multi!M:M) -> 32.27
A37: Min | B37: =MIN(Data_Single!M:M) -> -68.39 | C37: =MIN(Data_Multi!M:M) -> -23.01
A40: Table 6: BER
A41: Metric | B41: Single | C41: Multi
A42: Mean | B42: =AVERAGE(Data_Single!AA:AA) -> 0.11111111 | C42: =AVERAGE(Data_Multi!AA:AA) -> 0.098159509
A43: Median | B43: =MEDIAN(Data_Single!AA:AA) -> 0 | C43: =MEDIAN(Data_Multi!AA:AA) -> 0
A48: Table 7: Statistical Significance
A49: Metric | B49: Shapiro-Wilk p-value | C49: Wilcoxon p-value | D49: Significant (p < 0.05)?
A50: Duration (RAW) | B50: 9.177294e-19 | C50: 1.6589255e-47 | D50: =IF(C50<0.05, "Significant", "Not Significant") -> Significant
A51: GPU Memory (RAW) | B51: 1.1472353e-26 | C51: 3.945241e-48 | D51: =IF(C51<0.05, "Significant", "Not Significant") -> Significant
